timestamp;req_failed;request_per_sec;cpu_percent;memory_percent;lock_count;system_health
1652266207;0.0;0.0;0.0002856776388888;0.6812286376953125;1;1.0
1652266222;0.0;0.8;0.0227668555555555;0.7402801513671875;1;1.0
1652266237;0.0;12.07;0.0655871511111111;0.7835845947265625;1;1.0
1652266252;0.0;15.27;0.1168335772222222;0.8811492919921875;1;1.0
1652266267;0.0;20.93;0.1727807621851851;0.863525390625;2;1.0
1652266282;0.0;30.07;0.1927229533333333;0.88165283203125;1;1.0
1652266297;0.0;18.73;0.1818475177777777;0.8831634521484375;1;1.0
1652266312;0.1;2.0;0.1219061999999999;0.8836669921875;1;0.9
1652266327;0.1667;0.8;0.0555197822222222;0.8917236328125;1;0.8332999999999999
1652266342;0.1704;29.73;0.0809766844444444;0.8917236328125;1;0.8296000000000001
1652266357;0.2053;4.87;0.0771147555555555;0.8922271728515625;1;0.7947
1652266372;0.1848;4.33;0.0853726222222221;0.892730712890625;1;0.8151999999999999
1652266387;0.1704;3.13;0.0297981266666666;0.8952484130859375;1;0.8296000000000001
1652266402;0.4443999999999999;4.2;0.0307867444444444;0.895751953125;1;0.5556
1652266417;0.4592;8.13;0.03027014;0.895751953125;1;0.5408
1652266432;0.5;1.2;0.0259715311111111;0.8962554931640625;1;0.5
1652266447;0.414;4.67;0.0194684555555555;0.8997802734375;3;0.586
1652266462;0.3333;26.2;0.0620403644444444;0.9012908935546876;1;0.6667000000000001
1652266477;0.45;16.0;0.0818008955555555;0.90179443359375;1;0.55
1652266492;0.3922;4.93;0.0898163977777777;0.902801513671875;1;0.6078
1652266507;0.3021999999999999;3.53;0.0430605622222222;0.90380859375;1;0.6978
1652266522;0.434;16.13;0.0479488333333332;0.9463348388671876;1;0.5660000000000001
1652266537;0.3354;54.27;0.1346026755555555;0.9493560791015624;1;0.6646000000000001
1652266552;0.3939;30.8;0.1658655155555555;0.9493560791015624;1;0.6061
1652266567;0.4375;3.2;0.1524583088888889;0.9493560791015624;1;0.5625
1652266582;0.6667000000000001;1.2;0.0591245933333333;0.949859619140625;1;0.3333
1652266597;0.3927;7.13;0.0239696777777777;0.9501190185546876;1;0.6073
1652266612;0.5003;4.93;0.0259934511111111;0.9050140380859376;2;0.4997
1652266627;0.348;47.13;0.1300627711111111;0.88812255859375;1;0.652
1652266642;0.3245;62.87;0.23325226;0.8961029052734375;1;0.6755
1652266657;0.3496;5.53;0.2437506244444444;0.8985137939453125;1;0.6503999999999999
1652266672;0.3284;8.73;0.1455087644444443;0.906036376953125;1;0.6716
1652266687;0.3324;46.33;0.1166084911111111;0.9473419189453124;1;0.6675999999999999
1652266702;0.3164;55.0;0.1897387177777778;0.9328460693359376;1;0.6836
1652266717;0.3644;23.6;0.2221970688888889;0.91424560546875;2;0.6356
1652266732;0.299;24.53;0.1859777244444444;0.9147491455078124;1;0.701
1652266747;0.4122999999999999;7.6;0.1056030511111111;0.9149627685546876;1;0.5877
1652266762;0.3881;7.73;0.0737032533333332;0.91546630859375;1;0.6119
1652266777;0.4086999999999999;10.93;0.0459512133333333;0.91546630859375;1;0.5913
1652266792;0.3692;3.07;0.0369276644444444;0.91546630859375;1;0.6308
1652266807;0.4311;15.93;0.0486196666666667;0.91546630859375;1;0.5689
1652266822;0.541;7.27;0.0496685999999999;0.91546630859375;1;0.4589999999999999
1652266837;0.4245;2.67;0.0507700133333333;0.91546630859375;1;0.5755
1652266852;0.4571;7.0;0.0304742622222221;0.9169769287109376;1;0.5428999999999999
1652266867;0.3513;34.73;0.0850121066666665;0.9189910888671876;1;0.6487
1652266882;0.3787;70.07;0.1966427711111112;0.91949462890625;1;0.6213000000000001
1652266897;0.4646;9.47;0.1969591533333333;0.9300079345703124;1;0.5354
1652266912;0.3153;38.27;0.2238673822222221;0.895263671875;1;0.6847
1652266927;0.3444;124.47;0.3165490244444442;0.8917388916015625;1;0.6556000000000001
1652266942;0.3884;86.33;0.5068523733333332;0.936553955078125;1;0.6115999999999999
1652266957;0.3766;159.13;0.7115421555555554;0.0;1;0.6234000000000001
1652266972;0.4926;166.6;0.5608159349722225;0.0;1;0.5074000000000001
1652266987;0.4926;0.0;0.4453876502222221;0.0;1;0.5074000000000001
1652267002;0.9988;2.87;0.0;0.0;1;0.0012
1652267017;1.0;9.0;0.0;0.0;1;0.0
1652267032;1.0;23.13;0.0;0.0;1;0.0
1652267047;1.0;60.6;0.0;0.0;1;0.0
1652267062;1.0;8.53;0.0;0.0;1;0.0
1652267077;0.9998;16.27;0.0;0.0;1;0.0001999999999999
1652267092;1.0;67.67;0.0;0.0;1;0.0
1652267107;1.0;47.53;0.0;0.0;1;0.0
1652267122;0.9998;20.87;0.0;0.0;1;0.0001999999999999
1652267137;0.9997;11.07;0.0;0.248870849609375;1;0.0003
1652267152;1.0;30.6;0.0;0.5855560302734375;1;0.0
1652267167;1.0;8.8;0.0759606663333333;0.5948638916015625;1;0.0
1652267182;0.0;0.07;0.0669131684444444;0.643035888671875;1;1.0
1652267197;0.0;0.07;0.0536333977777777;0.9538421630859376;1;1.0
1652267212;0.0083;16.07;0.1184949116296296;0.8975067138671875;1;0.9917
1652267227;0.0;52.13;0.3132242544444444;0.8859100341796875;1;1.0
1652267242;0.0066;30.33;0.4475922791111111;0.8444976806640625;1;0.9934
1652267257;0.0060999999999999;22.0;0.4336500888888889;0.855194091796875;1;0.9939
1652267272;0.0185;3.6;0.2277267955555555;0.86627197265625;1;0.9815
1652267287;0.0213;3.13;0.0984652022222222;0.8667755126953125;1;0.9787
1652267302;0.4938;0.27;0.0282295644444444;0.8602294921875;1;0.5062
1652267317;1.0;0.13;0.0140849155555555;0.8285064697265625;1;0.0
1652267332;1.0;0.0;0.00229548;0.8033599853515625;1;0.0
1652267347;1.0;0.0;0.00076786;0.803863525390625;1;0.0
1652267362;1.0;0.0;0.0007302888888889;0.803863525390625;1;0.0
1652267377;1.0;0.0;0.0004790555555555;0.803863525390625;1;0.0
1652267392;1.0;0.0;0.0004518666666666;0.803863525390625;1;0.0
1652267407;1.0;0.0;0.0006783222222221;0.803863525390625;1;0.0
1652267422;1.0;0.0;0.0005406733333333;0.803863525390625;1;0.0
1652267437;1.0;0.0;0.0004093599999999;0.803863525390625;1;0.0
1652267452;1.0;0.0;0.0005618466666666;0.803863525390625;1;0.0
1652267467;1.0;0.0;0.0005578599999999;0.803863525390625;1;0.0
1652267482;1.0;0.0;0.0004938044444444;0.803863525390625;1;0.0
1652267497;1.0;1.0;0.0006216;0.803863525390625;1;0.0
1652267512;1.0;0.0;0.0005559222222222;0.803863525390625;1;0.0
1652267527;1.0;0.0;0.0006284355555555;0.874359130859375;1;0.0
1652267542;0.7844;58.13;0.0556540622222222;0.876373291015625;1;0.2156
1652267557;0.3887;40.13;0.060080211111111;0.8753662109375;1;0.6113000000000001
1652267572;0.8905;14.0;0.0634623733333333;0.8753662109375;1;0.1095
1652267587;0.8905;0.0;0.0150774244444444;0.8753662109375;1;0.1095
1652267602;0.8905;0.0;0.0099715;0.8753662109375;1;0.1095
1652267617;0.8905;0.0;0.0005659022222222;0.888458251953125;1;0.1095
1652267632;0.0;5.33;0.0168551977777778;0.9131317138671876;1;1.0
1652267647;0.0;17.13;0.0733547866666666;0.92169189453125;1;1.0
1652267662;0.0;35.93;0.1610653777777777;0.930755615234375;1;1.0
1652267677;0.0;52.13;0.2841668955555555;0.9342803955078124;1;1.0
1652267692;0.0;61.73;0.3643931222222222;0.9252166748046876;1;1.0
1652267707;0.0;86.13;0.50762628;0.892486572265625;1;1.0
1652267722;0.0;96.13;0.6318062933333333;0.956268310546875;1;1.0
1652267737;0.0;110.07;0.8359281977777776;0.9577789306640624;1;1.0
1652267752;0.0;105.0;0.8908387311111111;0.958282470703125;1;1.0
1652267767;0.0;103.2;0.9688252866666668;0.9517364501953124;1;1.0
1652267782;0.0007;94.33;0.9326065488888892;0.948211669921875;1;0.9993
1652267797;0.0007;99.27;0.9636558688888888;0.950225830078125;1;0.9993
1652267812;0.0007;93.87;0.9349945555555556;0.956268310546875;1;0.9993
1652267827;0.0007;98.87;0.9261817288888884;0.90087890625;1;0.9993
1652267842;0.0007;93.4;0.9291068155555554;0.8963470458984375;1;0.9993
1652267857;0.0007;98.2;0.9020158799999995;0.0;1;0.9993
1652267872;0.5379999999999999;71.13;0.6972584583611111;0.0;1;0.462
1652267887;0.9524;0.07;0.4549822555000008;0.0;1;0.0476
1652267902;1.0;3.4;0.0;0.0184173583984375;1;0.0
1652267917;0.9998;14.07;0.0;0.9557952880859376;1;0.0001999999999999
1652267932;0.635;98.27;0.285765742;0.8555908203125;1;0.365
1652267947;0.2281;95.27;0.4697701092222222;0.93212890625;1;0.7719
1652267962;0.1951999999999999;112.0;0.7147297658148147;0.0;1;0.8048000000000001
1652267977;0.5796;114.8;0.708817291;0.0;1;0.4204
1652267992;0.5796;0.0;0.518644448;0.623992919921875;1;0.4204
1652268007;0.5796;0.0;0.0793581555555555;0.69964599609375;1;0.4204
1652268022;0.5796;0.0;0.0384413451111111;0.74603271484375;1;0.4204
1652268037;0.0;14.0;0.0578919338333333;0.869964599609375;1;1.0
1652268052;0.0;34.07;0.1671387933333333;0.980743408203125;1;1.0
1652268067;0.0;50.8;0.2971712512222222;0.92333984375;1;1.0
1652268082;0.0;60.33;0.4202949844444444;0.964630126953125;1;1.0
1652268097;0.0;87.47;0.5754541355555556;0.8259735107421875;1;1.0
1652268112;0.0;90.0;0.7417031422222221;0.8884124755859375;1;1.0
1652268127;0.0;86.8;0.8461628688888889;0.8162384033203125;1;1.0
1652268142;0.0;79.0;0.8655162333333332;0.8706207275390625;1;1.0
1652268157;0.0;90.93;0.8423880355555554;0.84393310546875;1;1.0
1652268172;0.0;93.13;0.8862707222222224;0.8877410888671875;1;1.0
1652268187;0.0;95.0;0.9235577622222224;0.9028472900390624;1;1.0
1652268202;0.0015;89.6;0.9423496222222222;0.8983154296875;1;0.9985
1652268217;0.0;87.6;0.953573228888889;0.8988189697265625;1;1.0
1652268232;0.0;92.47;0.9457030622222222;0.8988189697265625;1;1.0
1652268247;0.0;85.6;0.929619908888889;0.8978118896484375;1;1.0
1652268262;0.0;82.0;0.9109289711111108;0.899322509765625;1;1.0
1652268277;0.0;89.93;0.9260265888888892;0.90234375;1;1.0
1652268292;0.0008;88.73;0.9315075733333332;0.903350830078125;1;0.9992
1652268307;0.0;87.67;0.9265845755555556;0.9028472900390624;1;1.0
1652268322;0.0;87.53;0.9336055555555554;0.903350830078125;1;1.0
1652268337;0.0;80.13;0.9104505133333328;0.9119110107421876;1;1.0
1652268352;0.0;91.6;0.9501956422222224;0.7511749267578125;1;1.0
1652268367;0.0011;62.27;0.8437883444444443;0.7733306884765625;1;0.9989
1652268382;0.0;87.27;0.864429384444445;0.8085784912109375;1;1.0
1652268397;0.0;87.27;0.8521870088888893;0.8246917724609375;1;1.0
1652268412;0.0;87.2;0.9315435177777772;0.828216552734375;1;1.0
1652268427;0.0;88.2;0.9278125311111112;0.8297271728515625;1;1.0
1652268442;0.0;91.27;0.9248693577777772;0.83123779296875;1;1.0
1652268457;0.0;71.13;0.9388043311111118;0.8377838134765625;1;1.0
1652268472;0.0;83.0;0.9247049022222212;0.84130859375;1;1.0
1652268487;0.0;92.33;0.9103568200000004;0.87957763671875;1;1.0
1652268502;0.0256;93.6;0.9128160133333332;0.8820953369140625;1;0.9744
1652268517;0.0103;25.93;0.663923657777779;0.882598876953125;1;0.9897
1652268532;0.4509;5.47;0.3634976222222222;0.8856201171875;1;0.5490999999999999
1652268547;0.0;17.47;0.0968342866666666;0.888641357421875;1;1.0
1652268562;0.0;36.4;0.1373765755555559;0.888641357421875;1;1.0
1652268577;0.0012;57.87;0.3148987399999997;0.8921661376953125;1;0.9988
1652268592;0.0;68.13;0.5174941800000005;0.8936767578125;1;1.0
1652268607;0.0;84.0;0.7028373466666658;0.8931732177734375;1;1.0
1652268622;0.0;76.53;0.8394240977777776;0.8961944580078125;1;1.0
1652268637;0.0;78.53;0.8999501199999991;0.8972015380859375;1;1.0
1652268652;0.0;91.93;0.9327055200000004;0.8972015380859375;1;1.0
1652268667;0.0;77.87;0.9270372088888886;0.897705078125;1;1.0
1652268682;0.0;92.53;0.9586215200000008;0.9304351806640624;1;1.0
1652268697;0.0;80.73;0.95525576;0.938995361328125;1;1.0
1652268712;0.0;84.73;0.9480977911111116;0.0;1;1.0
1652268727;0.3365999999999999;87.93;0.6986611500555552;0.0;1;0.6634
1652268742;0.3365999999999999;0.0;0.4760331894444458;0.0;1;0.6634
1652268757;0.3365999999999999;0.0;0.0;0.0;1;0.6634
1652268772;1.0;9.13;0.0;0.0;1;0.0
1652268787;1.0;17.4;0.0;0.0;1;0.0
1652268802;1.0;30.4;0.0;0.0;1;0.0
1652268817;1.0;10.2;0.0;0.0;1;0.0
1652268832;1.0;14.73;0.0;0.0;1;0.0
1652268847;1.0;12.2;0.0;0.0;1;0.0
1652268862;0.9999;33.87;0.0;0.0;1;0.0001
1652268877;1.0;26.73;0.0;0.587432861328125;1;0.0
1652268892;1.0;66.4;0.0;0.5526885986328125;1;0.0
1652268907;1.0;0.0;0.0002517464444444;0.5526885986328125;1;0.0
1652268922;1.0;0.0;0.0003319378611111;0.5526885986328125;1;0.0
1652268937;1.0;0.0;0.0003401266666666;0.5526885986328125;1;0.0
1652268952;1.0;0.0;0.0004462666666666;0.553192138671875;1;0.0
1652268967;1.0;0.0;0.0004741355555555;0.6868438720703125;1;0.0
1652268982;0.0;7.53;0.0510073311111111;0.902557373046875;1;1.0
1652268997;0.0;51.8;0.1936888177777777;0.9812164306640624;1;1.0
1652269012;0.0;74.33;0.4626527705925926;0.921295166015625;1;1.0
1652269027;0.0;64.67;0.6802434088148149;0.8341827392578125;1;1.0
1652269042;0.0;62.2;0.7983767577777778;0.8976287841796875;1;1.0
1652269057;0.0;78.07;0.835423071111111;0.9268341064453124;1;1.0
1652269072;0.0;81.13;0.8668378911111112;0.0;1;1.0
1652269087;0.5153;69.73;0.726462671277778;0.0193328857421875;1;0.4846999999999999
1652269102;1.0;52.13;0.3122792866666667;0.743621826171875;1;0.0
1652269117;0.0825999999999999;14.53;0.069276111111111;0.7078704833984375;1;0.9174
1652269132;0.0825999999999999;0.0;0.0640921278333333;0.7078704833984375;1;0.9174
1652269147;0.0825999999999999;0.0;0.0601935414814814;0.80596923828125;1;0.9174
1652269162;0.0;7.0;0.0314022288888888;0.8721466064453125;1;1.0
1652269177;0.0227;70.47;0.3169199377777777;0.7714385986328125;1;0.9773
1652269192;0.0187;60.47;0.5216744534814814;0.9184722900390624;1;0.9813
1652269207;0.0111;84.13;0.7756825207777778;0.931304931640625;1;0.9889
1652269222;0.0;85.73;0.8432258066666667;0.9383544921875;1;1.0
1652269237;0.0;86.13;0.949374171111111;0.9398651123046876;1;1.0
1652269252;0.0;90.13;0.956451648888889;0.9227447509765624;1;1.0
1652269267;0.0;83.87;0.933564022222222;0.921234130859375;1;1.0
1652269282;0.0;74.93;0.9225772644444444;0.9257659912109376;1;1.0
1652269297;0.0;80.67;0.9128756755555556;0.9328155517578124;1;1.0
1652269312;0.0;83.2;0.9270284844444444;0.933319091796875;1;1.0
1652269327;0.0;77.53;0.9016784911111114;0.94842529296875;1;1.0
1652269342;0.0;80.2;0.9259998266666666;0.94842529296875;1;1.0
1652269357;0.0;67.93;0.9041521133333332;0.939361572265625;1;1.0
1652269372;0.0;82.67;0.9073761466666668;0.9398651123046876;1;1.0
1652269387;0.0;81.6;0.8836155688888886;0.9449005126953124;1;1.0
1652269402;0.0;73.33;0.942627822222222;0.9449005126953124;1;1.0
1652269417;0.0;76.8;0.9438910066666664;0.9529571533203124;1;1.0
1652269432;0.0;72.73;0.9387042933333336;0.9549713134765624;1;1.0
1652269447;0.0;83.6;0.9069643755555552;0.953460693359375;1;1.0
1652269462;0.0;76.07;0.9036298111111112;0.9509429931640624;1;1.0
1652269477;0.0;80.73;0.9125432333333328;0.94024658203125;1;1.0
1652269492;0.0;75.93;0.9145405866666666;0.9297943115234376;1;1.0
1652269507;0.0;82.33;0.9199666577777786;0.9364776611328124;1;1.0
1652269522;0.0;79.13;0.9260873044444452;0.943023681640625;1;1.0
1652269537;0.0;83.07;0.8879023266666661;0.9062652587890624;1;1.0
1652269552;0.0;81.2;0.9185938622222224;0.9017333984375;1;1.0
1652269567;0.0;91.53;0.8962769622222216;0.902740478515625;1;1.0
1652269582;0.0;83.07;0.942589911111112;0.9042510986328124;1;1.0
1652269597;0.0;86.93;0.8939450222222212;0.906768798828125;1;1.0
1652269612;0.0;80.2;0.939617008888888;0.90777587890625;1;1.0
1652269627;0.0;88.53;0.904864262222222;0.9004058837890625;1;1.0
1652269642;0.0;80.87;0.9248226444444452;0.900909423828125;1;1.0
1652269657;0.0;84.67;0.8803729777777777;0.902923583984375;1;1.0
1652269672;0.0;84.73;0.8988670666666672;0.9039306640625;1;1.0
1652269687;0.0;81.53;0.8957412511111114;0.8983917236328125;1;1.0
1652269702;0.0;88.13;0.8945091111111121;0.8992919921875;1;1.0
1652269717;0.0;81.67;0.909734224444445;0.9028167724609376;1;1.0
1652269732;0.0;85.87;0.9069932288888884;0.8967742919921875;1;1.0
1652269747;0.0;79.13;0.9373059266666662;0.8977813720703125;1;1.0
1652269762;0.0;82.27;0.8896633022222216;0.8987884521484375;1;1.0
1652269777;0.0;86.2;0.8979085111111101;0.8987884521484375;1;1.0
1652269792;0.0;76.47;0.8940043888888896;0.900299072265625;1;1.0
1652269807;0.0;87.2;0.8933333599999994;0.90130615234375;1;1.0
1652269822;0.0;79.4;0.8934322066666683;0.902313232421875;1;1.0
1652269837;0.0;88.93;0.8977198155555546;0.9028167724609376;1;1.0
1652269852;0.0;75.6;0.905754522222224;0.9028167724609376;1;1.0
1652269867;0.0;86.2;0.9009481933333316;0.9033203125;1;1.0
1652269882;0.0;85.93;0.8785142799999979;0.9033203125;1;1.0
1652269897;0.0;89.73;0.9160816888888904;0.90533447265625;1;1.0
1652269912;0.0;80.93;0.9055475866666686;0.906341552734375;1;1.0
1652269927;0.0;89.87;0.948831713333334;0.9068450927734376;1;1.0
1652269942;0.0;84.13;0.9232274488888884;0.9073486328125;1;1.0
1652269957;0.0;80.27;0.9377627022222214;0.9078521728515624;1;1.0
1652269972;0.0;85.73;0.8939172777777785;0.9078521728515624;1;1.0
1652269987;0.0;91.4;0.8990005688888888;0.9078521728515624;1;1.0
1652270002;0.0;82.67;0.8933005355555552;0.908355712890625;1;1.0
1652270017;0.0;80.73;0.932201964444443;0.908355712890625;1;1.0
1652270032;0.0;86.53;0.9270481688888872;0.9088592529296876;1;1.0
1652270047;0.0;82.47;0.9587831244444436;0.9088592529296876;1;1.0
1652270062;0.0;83.27;0.9229374177777774;0.9108734130859376;1;1.0
1652270077;0.0;85.6;0.9470709066666688;0.911376953125;1;1.0
1652270092;0.0;82.0;0.9083764711111116;0.911376953125;1;1.0
1652270107;0.0;89.0;0.9509897155555564;0.911376953125;1;1.0
1652270122;0.0;81.73;0.9090179355555544;0.911376953125;1;1.0
1652270137;0.0;84.53;0.9176555200000016;0.911376953125;1;1.0
1652270152;0.0;84.27;0.8962879199999987;0.911376953125;1;1.0
1652270167;0.0;84.6;0.942399117777778;0.91339111328125;1;1.0
1652270182;0.0;79.8;0.917811919999998;0.9154052734375;1;1.0
1652270197;0.0;79.73;0.9159972644444452;0.9154052734375;1;1.0
1652270212;0.0;91.4;0.8866478888888878;0.9154052734375;1;1.0
1652270227;0.0;79.0;0.934029835555556;0.9269866943359376;1;1.0
1652270242;0.0;86.33;0.9008323177777784;0.9269866943359376;1;1.0
1652270257;0.0;77.67;0.9001753711111127;0.927490234375;1;1.0
1652270272;0.0;89.53;0.9034743733333344;0.9269866943359376;1;1.0
1652270287;0.0;79.8;0.9088045133333328;0.9269866943359376;1;1.0
1652270302;0.0;89.27;0.944974462222222;0.9269866943359376;1;1.0
1652270317;0.0;78.07;0.9033214177777784;0.927490234375;1;1.0
1652270332;0.0;87.93;0.900086308888889;0.927490234375;1;1.0
1652270347;0.0;81.0;0.8650570222222211;0.928497314453125;1;1.0
1652270362;0.0;84.07;0.8684462044444419;0.9269866943359376;1;1.0
1652270377;0.0;78.93;0.8851981888888883;0.926483154296875;1;1.0
1652270392;0.0;90.33;0.9024410066666656;0.926483154296875;1;1.0
1652270407;0.0;83.8;0.9121198977777768;0.926483154296875;1;1.0
1652270422;0.0;81.27;0.9107504933333328;0.926483154296875;1;1.0
1652270437;0.0;86.07;0.9038383933333332;0.92547607421875;1;1.0
1652270452;0.0;84.87;0.919614500000004;0.92547607421875;1;1.0
1652270467;0.0;84.87;0.9209862666666644;0.92547607421875;1;1.0
1652270482;0.0;81.53;0.9219032622222232;0.92547607421875;1;1.0
1652270497;0.0;82.27;0.9088574977777776;0.92547607421875;1;1.0
1652270512;0.0;87.27;0.8909058822222202;0.924468994140625;1;1.0
1652270527;0.0;87.6;0.8792337422222215;0.9249725341796876;1;1.0
1652270542;0.0;78.33;0.8625219311111121;0.92547607421875;1;1.0
1652270557;0.0;80.87;0.8913119911111101;0.92547607421875;1;1.0
1652270572;0.0;82.47;0.8935571955555537;0.924468994140625;1;1.0
1652270587;0.0;86.67;0.9026786933333318;0.9249725341796876;1;1.0
1652270602;0.0;80.67;0.8847524044444425;0.92547607421875;1;1.0
1652270617;0.0;87.07;0.8850335111111133;0.926483154296875;1;1.0
1652270632;0.0;79.73;0.8903621466666664;0.9269866943359376;1;1.0
1652270647;0.0;85.33;0.908974217777778;0.9269866943359376;1;1.0
1652270662;0.0;81.87;0.9070985733333348;0.9269866943359376;1;1.0
1652270677;0.0;86.67;0.895881160000004;0.9259796142578124;1;1.0
1652270692;0.0;85.67;0.8704150177777744;0.9259796142578124;1;1.0
1652270707;0.0;84.27;0.8708957266666706;0.9259796142578124;1;1.0
1652270722;0.0;82.67;0.9099502844444488;0.9269866943359376;1;1.0
1652270737;0.0;85.8;0.8861323311111138;0.9269866943359376;1;1.0
1652270752;0.0;79.0;0.9205570444444472;0.9269866943359376;1;1.0
1652270767;0.0;85.93;0.8737613622222196;0.9269866943359376;1;1.0
1652270782;0.0;83.6;0.9057812911111138;0.9279937744140624;1;1.0
1652270797;0.0;77.13;0.8866966955555552;0.928497314453125;1;1.0
1652270812;0.0;90.0;0.8738175599999977;0.927490234375;1;1.0
1652270827;0.0;82.47;0.9050675644444456;0.9279937744140624;1;1.0
1652270842;0.0;79.53;0.9065232399999988;0.9279937744140624;1;1.0
1652270857;0.0;84.87;0.927077822222226;0.9340362548828124;1;1.0
1652270872;0.0;78.47;0.918600975555556;0.935546875;1;1.0
1652270887;0.0;89.33;0.9000288088888889;0.936553955078125;1;1.0
1652270902;0.0;79.4;0.8807698533333324;0.0;1;1.0
1652270917;0.1913;73.53;0.6453953920555565;0.0;1;0.8087000000000001
1652270932;0.1913;0.0;0.4358860733333333;0.0;1;0.8087000000000001
1652270947;0.1913;0.0;0.0;0.0;1;0.8087000000000001
1652270962;0.1913;0.0;0.0;0.0;1;0.8087000000000001
1652270977;1.0;1.33;0.0;0.0;1;0.0
1652270992;1.0;18.73;0.0;0.0;1;0.0
1652271007;1.0;9.4;0.0;0.0;1;0.0
1652271022;1.0;11.93;0.0;0.0;1;0.0
1652271037;1.0;9.33;0.0;0.0;1;0.0
1652271052;0.9998;21.07;0.0;0.0;1;0.0001999999999999
1652271067;0.9997;9.87;0.0;0.0;1;0.0003
1652271082;0.9997;11.87;0.0;0.0;1;0.0003
1652271097;1.0;11.8;0.0;0.0;1;0.0
1652271112;1.0;13.93;0.0;0.0;1;0.0
1652271127;0.9997;11.47;0.0;0.0;1;0.0003
1652271142;0.9997;10.07;0.0;0.0;1;0.0003
1652271157;1.0;11.0;0.0;0.0;1;0.0
1652271172;1.0;13.13;0.0;0.0;1;0.0
1652271187;0.9997;13.07;0.0;0.0;1;0.0003
1652271202;0.9997;10.47;0.0;0.0;1;0.0003
1652271217;0.9997;12.87;0.0;0.0;1;0.0003
1652271232;0.9997;10.47;0.0;0.0;1;0.0003
1652271247;1.0;10.33;0.0;0.0;1;0.0
1652271262;1.0;12.13;0.0;0.0;1;0.0
1652271277;0.9997;10.87;0.0;0.0;1;0.0003
1652271292;1.0;15.0;0.0;0.0;1;0.0
1652271307;0.9996;8.27;0.0;0.0;1;0.0004
1652271322;1.0;13.2;0.0;0.0;1;0.0
1652271337;1.0;11.73;0.0;0.0;1;0.0
1652271352;0.9996;8.67;0.0;0.0;1;0.0004
1652271367;0.9997;13.27;0.0;0.0;1;0.0003
1652271382;0.9997;11.27;0.0;0.0;1;0.0003
1652271397;0.9997;9.67;0.0;0.0;1;0.0003
1652271412;0.9997;11.27;0.0;0.0;1;0.0003
1652271427;1.0;10.73;0.0;0.0;1;0.0
1652271442;0.9998;13.47;0.0;0.0;1;0.0001999999999999
1652271457;1.0;10.8;0.0;0.0;1;0.0
1652271472;1.0;11.93;0.0;0.0;1;0.0
1652271487;1.0;11.2;0.0;0.0;1;0.0
1652271502;1.0;12.2;0.0;0.0;1;0.0
1652271517;1.0;13.4;0.0;0.0;1;0.0
1652271532;0.9997;11.67;0.0;0.0;1;0.0003
1652271547;1.0;11.73;0.0;0.0;1;0.0
1652271562;0.9997;11.07;0.0;0.0;1;0.0003
1652271577;0.9998;13.47;0.0;0.0;1;0.0001999999999999
1652271592;1.0;12.0;0.0;0.0;1;0.0
1652271607;1.0;14.0;0.0;0.0;1;0.0
1652271622;1.0;9.93;0.0;0.0;1;0.0
1652271637;0.9997;12.07;0.0;0.0;1;0.0003
1652271652;1.0;14.53;0.0;0.0;1;0.0
1652271667;1.0;12.6;0.0;0.0;1;0.0
1652271682;0.9998;16.67;0.0;0.0;1;0.0001999999999999
1652271697;1.0;13.13;0.0;0.0;1;0.0
1652271712;0.9997;11.07;0.0;0.0;1;0.0003
1652271727;1.0;11.2;0.0;0.8490447998046875;1;0.0
1652271742;0.2758;27.07;0.0;0.856597900390625;1;0.7242000000000001
1652271757;0.0352;49.27;0.2815654435555556;0.8571014404296875;1;0.9648
1652271772;0.9524;0.07;0.1849662920555555;0.85760498046875;1;0.0476
1652271787;0.9524;0.0;0.166279311111111;0.9268341064453124;1;0.0476
1652271802;0.0;39.53;0.2389145444444444;0.9248199462890624;1;1.0
1652271817;0.0070999999999999;9.33;0.2579122866666666;0.925323486328125;1;0.9929
1652271832;0.0;1.27;0.2618757777777778;0.92230224609375;1;1.0
1652271847;0.0;3.07;0.0384667111111111;0.91156005859375;1;1.0
1652271862;0.0;4.93;0.0379307088888888;0.907012939453125;1;1.0
1652271877;0.0;6.73;0.0490780066666666;0.9165802001953124;1;1.0
1652271892;0.0;8.07;0.0578895488888888;0.873779296875;1;1.0
1652271907;0.0;9.6;0.0795719266666666;0.87579345703125;1;1.0
1652271922;0.0;7.13;0.0793008066666666;0.8910064697265625;1;1.0
1652271937;0.0051;13.07;0.0801229688888889;0.89453125;1;0.9949
1652271952;0.0043;15.4;0.08540448;0.905609130859375;1;0.9957
1652271967;0.0202;19.8;0.12546232;0.90118408203125;1;0.9798
1652271982;0.0583;22.87;0.1375265688888888;0.9031982421875;1;0.9417
1652271997;0.0506;22.4;0.1520544399999999;0.8682098388671875;1;0.9494
1652272012;0.0463;24.47;0.154782882222222;0.8861846923828125;1;0.9537
1652272027;0.0516999999999999;29.67;0.1773464488888889;0.890716552734375;1;0.9483
1652272042;0.0464;30.2;0.1884317999999999;0.8972625732421875;1;0.9536
1652272057;0.0412;30.73;0.2107444355555555;0.9536590576171876;1;0.9588
1652272072;0.0227999999999999;32.13;0.2333834111111111;0.8781280517578125;1;0.9772
1652272087;0.0247;35.13;0.2849583222222221;0.9053192138671876;1;0.9753
1652272102;0.0088;30.33;0.2828541222222221;0.9083404541015624;1;0.9912
1652272117;0.0185;39.6;0.2780711999999999;0.90985107421875;1;0.9815
1652272132;0.0224;41.73;0.2936091111111111;0.9123687744140624;1;0.9776
1652272147;0.0104;38.4;0.3209358666666667;0.91387939453125;1;0.9896
1652272162;0.009;36.87;0.3150240711111112;0.9153900146484376;1;0.991
1652272177;0.0107;43.8;0.317944591111111;0.9163970947265624;1;0.9893
1652272192;0.0115;40.47;0.3210310955555554;0.9174041748046876;1;0.9885
1652272207;0.0060999999999999;43.53;0.3391912977777777;0.9184112548828124;1;0.9939
1652272222;0.0;41.0;0.3212215733333333;0.919921875;1;1.0
1652272237;0.0046999999999999;42.87;0.3366952911111111;0.9204254150390624;1;0.9953
1652272252;0.0014;47.07;0.3526736533333333;0.9214324951171876;1;0.9986
1652272267;0.0065;51.4;0.392009351111111;0.922943115234375;1;0.9935
1652272282;0.0175;57.07;0.4540794644444446;0.9264678955078124;1;0.9825
1652272297;0.0115;58.0;0.5126593999999999;0.926971435546875;1;0.9885
1652272312;0.0013;51.6;0.5108509422222223;0.926971435546875;1;0.9987
1652272327;0.0046999999999999;56.2;0.5037428444444443;0.926971435546875;1;0.9953
1652272342;0.0046;58.13;0.4932127733333332;0.9274749755859376;1;0.9954
1652272357;0.0034;59.6;0.5079600422222218;0.8529510498046875;1;0.9966
1652272372;0.0011;58.47;0.5182631488888887;0.8539581298828125;1;0.9989
1652272387;0.0;61.6;0.5325149533333331;0.8559722900390625;1;1.0
1652272402;0.0022;61.8;0.53773724;0.8559722900390625;1;0.9978
1652272417;0.0040999999999999;64.87;0.5847861488888888;0.8594970703125;1;0.9959
1652272432;0.0158;67.33;0.6281306466666668;0.860504150390625;1;0.9842
1652272447;0.0106;68.87;0.6834112599999994;0.864532470703125;1;0.9894
1652272462;0.017;70.53;0.7314260711111109;0.8650360107421875;1;0.983
1652272477;0.0131;76.33;0.7680015333333332;0.874114990234375;1;0.9869
1652272492;0.0029;69.73;0.7615599200000001;0.874114990234375;1;0.9971
1652272507;0.0;72.47;0.6979713866666662;0.8756256103515625;1;1.0
1652272522;0.0046999999999999;71.6;0.6917943244444447;0.876129150390625;1;0.9953
1652272537;0.0055;72.73;0.7109730222222221;0.87713623046875;1;0.9945
1652272552;0.0063;74.53;0.7708216533333333;0.87713623046875;1;0.9937
1652272567;0.0081999999999999;72.73;0.7947940288888883;0.87713623046875;1;0.9918
1652272582;0.0036;74.73;0.8081856555555558;0.87713623046875;1;0.9964
1652272597;0.0046999999999999;71.27;0.8198569644444433;0.878143310546875;1;0.9953
1652272612;0.0034999999999999;76.27;0.8702990088888896;0.878143310546875;1;0.9965
1652272627;0.0027;74.27;0.8403107377777776;0.878143310546875;1;0.9973
1652272642;0.0;74.47;0.8285045244444442;0.878143310546875;1;1.0
1652272657;0.0009;78.27;0.8374888466666662;0.878143310546875;1;0.9991
1652272672;0.0017;77.87;0.8487460622222227;0.8786468505859375;1;0.9983
1652272687;0.0;82.47;0.8906606022222225;0.8786468505859375;1;1.0
1652272702;0.0;80.13;0.8700140200000003;0.8786468505859375;1;1.0
1652272717;0.0008;81.27;0.8814535955555546;0.8474273681640625;1;0.9992
1652272732;0.0096;69.33;0.8417009799999998;0.8766326904296875;1;0.9904
1652272747;0.0016;82.53;0.8366678822222222;0.8766326904296875;1;0.9984
1652272762;0.0036;74.13;0.841618808888888;0.900299072265625;1;0.9964
1652272777;0.0115;80.93;0.8701771422222223;0.90130615234375;1;0.9885
1652272792;0.0138;82.33;0.8758454422222219;0.902313232421875;1;0.9862
1652272807;0.0017;79.0;0.8905309377777775;0.9018096923828124;1;0.9983
1652272822;0.0128;78.27;0.8495570444444449;0.902313232421875;1;0.9872
1652272837;0.0056999999999999;81.33;0.8473630844444453;0.906341552734375;1;0.9943
1652272852;0.0383;80.0;0.8650961755555563;0.9048309326171876;1;0.9617
1652272867;0.0194;82.67;0.8747055355555566;0.9058380126953124;1;0.9806
1652272882;0.0012;53.47;0.8748999311111106;0.8806610107421875;1;0.9988
1652272897;0.0018;75.67;0.8706982155555553;0.8806610107421875;1;0.9982
1652272912;0.0;78.4;0.8639792355555553;0.882171630859375;1;1.0
1652272927;0.0097;82.47;0.8739906422222222;0.8846893310546875;1;0.9903
1652272942;0.005;80.13;0.8711512177777775;0.9225616455078124;1;0.995
1652272957;0.0246;73.2;0.8570071133333335;0.84552001953125;1;0.9754
1652272972;0.0364;42.13;0.6881898088888875;0.848541259765625;1;0.9636
1652272987;0.0224;80.2;0.6768188511111096;0.8550872802734375;1;0.9776
1652273002;0.0169;82.93;0.708917913333332;0.87371826171875;1;0.9831
1652273017;0.0286;81.47;0.8664061111111095;0.874725341796875;1;0.9714
1652273032;0.0174;84.47;0.9017134933333334;0.87371826171875;1;0.9826
1652273047;0.0187;81.87;0.8955294022222208;0.86968994140625;1;0.9813
1652273062;0.0161;86.73;0.8841304800000014;0.868682861328125;1;0.9839
1652273077;0.0144;74.07;0.8721380866666676;0.86767578125;1;0.9856
1652273092;0.0349;86.07;0.8791117533333337;0.8681793212890625;1;0.9651
1652273107;0.0268;79.73;0.879627686666668;0.870697021484375;1;0.9732
1652273122;0.0628;85.93;0.8618096444444442;0.8742218017578125;1;0.9372
1652273137;0.0544;84.6;0.8607487600000013;0.872711181640625;1;0.9456
1652273152;0.0697;91.87;0.868163804444445;0.8752288818359375;1;0.9303
1652273167;0.072;82.4;0.8860056600000007;0.0;1;0.928
1652273182;0.4316;64.87;0.6883363507222211;0.0;1;0.5684
1652273197;0.4316;0.0;0.4548412167222224;0.0;1;0.5684
1652273212;0.4316;0.0;0.0;0.0;1;0.5684
1652273227;1.0;9.8;0.0;0.0;1;0.0
1652273242;1.0;25.2;0.0;0.0;1;0.0
1652273257;0.9995;6.27;0.0;0.0;1;0.0004999999999999
1652273272;1.0;10.2;0.0;0.0;1;0.0
1652273287;0.9998;17.47;0.0;0.0;1;0.0001999999999999
1652273302;0.9998;14.87;0.0;0.0;1;0.0001999999999999
1652273317;0.9998;15.27;0.0;0.0;1;0.0001999999999999
1652273332;0.9998;14.47;0.0;0.0;1;0.0001999999999999
1652273347;0.9998;16.47;0.0;0.0;1;0.0001999999999999
1652273362;1.0;13.93;0.0;0.0;1;0.0
1652273377;1.0;15.2;0.0;0.0;1;0.0
1652273392;0.9997;11.87;0.0;0.0;1;0.0003
1652273407;1.0;11.6;0.0;0.0;1;0.0
1652273422;0.9998;14.87;0.0;0.0;1;0.0001999999999999
1652273437;0.9998;18.27;0.0;0.0;1;0.0001999999999999
1652273452;1.0;18.93;0.0;0.0;1;0.0
1652273467;1.0;15.2;0.0;0.0;1;0.0
1652273482;1.0;16.6;0.0;0.0;1;0.0
1652273497;1.0;12.2;0.0;0.0;1;0.0
1652273512;1.0;16.33;0.0;0.0;1;0.0
1652273527;1.0;15.93;0.0;0.0;1;0.0
1652273542;1.0;29.6;0.0;0.0;1;0.0
1652273557;0.9999;43.87;0.0;0.701171875;1;0.0001
1652273572;0.995;0.67;0.0;0.657867431640625;1;0.005
1652273587;0.0399;1.67;0.0204639664444444;0.669952392578125;1;0.9601
1652273602;0.0;2.0;0.0265615308333333;0.6785125732421875;1;1.0
1652273617;0.0;2.93;0.0289227199999999;0.7077484130859375;1;1.0
1652273632;0.0;3.13;0.0297711777777777;0.7178192138671875;1;1.0
1652273647;0.0;4.67;0.0363132022222222;0.7258758544921875;1;1.0
1652273662;0.0;5.07;0.0511438355555555;0.7309112548828125;1;1.0
1652273677;0.0;4.87;0.0559030177777777;0.78680419921875;1;1.0
1652273692;0.0;5.93;0.0546100777777777;0.8243255615234375;1;1.0
1652273707;0.0;8.8;0.0634268822222222;0.83087158203125;1;1.0
1652273722;0.0;7.2;0.0733371777777777;0.8354034423828125;2;1.0
1652273737;0.0;8.13;0.0700052266666666;0.8394317626953125;1;1.0
1652273752;0.0;9.6;0.0794546622222222;0.8434600830078125;1;1.0
1652273767;0.0;9.2;0.0765867755555555;0.89324951171875;1;1.0
1652273782;0.006;11.13;0.0863604488888889;0.85699462890625;1;0.994
1652273797;0.0206;12.93;0.0940362333333333;0.9008026123046876;1;0.9794
1652273812;0.0167;15.93;0.1033933088888889;0.8766326904296875;1;0.9833
1652273827;0.0172;19.33;0.1253626155555555;0.8786468505859375;1;0.9828
1652273842;0.0076;17.6;0.1424824422222222;0.880157470703125;1;0.9924
1652273857;0.0;16.67;0.1433783355555555;0.882171630859375;1;1.0
1652273872;0.0044;15.27;0.1257746311111111;0.8836822509765625;1;0.9956
1652273887;0.0;17.0;0.1214646911111111;0.8846893310546875;1;1.0
1652273902;0.0;17.87;0.1185481044444443;0.8856964111328125;1;1.0
1652273917;0.0;16.4;0.1283166955555555;0.8870697021484375;1;1.0
1652273932;0.0036;18.47;0.1384124044444444;0.8880767822265625;1;0.9964
1652273947;0.0;19.07;0.1316140488888888;0.9122467041015624;1;1.0
1652273962;0.0;20.0;0.132505891111111;0.912750244140625;1;1.0
1652273977;0.0;21.27;0.1377902266666666;0.9142608642578124;1;1.0
1652273992;0.0029;23.2;0.1573869933333333;0.9162750244140624;1;0.9971
1652274007;0.0129;25.93;0.1634442555555555;0.8971405029296875;1;0.9871
1652274022;0.0225;32.53;0.1857709066666666;0.89764404296875;1;0.9775
1652274037;0.0185;32.4;0.2067922488888888;0.899658203125;1;0.9815
1652274052;0.0132;35.4;0.2355987533333333;0.900665283203125;1;0.9868
1652274067;0.0123;32.53;0.2108319355555555;0.900665283203125;1;0.9877
1652274082;0.0154;34.6;0.2246005088888888;0.9011688232421876;1;0.9846
1652274097;0.0133;35.0;0.2162840288888888;0.9021759033203124;1;0.9867
1652274112;0.0107;37.33;0.2288136333333333;0.9036865234375;1;0.9893
1652274127;0.0168;39.6;0.2548399533333335;0.903961181640625;1;0.9832
1652274142;0.013;40.87;0.2862430844444443;0.9046783447265624;1;0.987
1652274157;0.0179;40.87;0.314810748888889;0.911224365234375;1;0.9821
1652274172;0.0118999999999999;39.07;0.3296470355555552;0.9199981689453124;1;0.9881
1652274187;0.0072;37.13;0.3141687511111112;0.920928955078125;1;0.9928
1652274202;0.0;34.07;0.2865157088888889;0.9273529052734376;1;1.0
1652274217;0.0;38.4;0.2700437244444445;0.9274444580078124;1;1.0
1652274232;0.0048;41.73;0.2752446822222222;0.9274444580078124;1;0.9952
1652274247;0.0085;39.13;0.2865686488888889;0.93109130859375;1;0.9915
1652274262;0.0066;40.33;0.2967302199999999;0.93109130859375;1;0.9934
1652274277;0.0065;40.87;0.3033904688888889;0.93109130859375;1;0.9935
1652274292;0.0066;40.6;0.3003642955555556;0.93109130859375;1;0.9934
1652274307;0.0;41.6;0.2945719866666665;0.9315948486328124;1;1.0
1652274322;0.0067;49.67;0.3434010666666666;0.9638214111328124;1;0.9933
1652274337;0.0104;51.07;0.4055795266666668;0.9094390869140624;1;0.9896
1652274352;0.0083;48.0;0.4216447533333333;0.9174652099609376;1;0.9917
1652274367;0.0088;52.93;0.4279930488888889;0.91796875;1;0.9912
1652274382;0.0093999999999999;56.47;0.4548665622222219;0.91796875;1;0.9906
1652274397;0.0059;45.47;0.4308333822222222;0.9184722900390624;1;0.9941
1652274412;0.0042;47.33;0.4103679155555552;0.918975830078125;1;0.9958
1652274427;0.0055;48.27;0.3739570688888888;0.9194793701171876;1;0.9945
1652274442;0.0051;52.27;0.4151883844444449;0.9194793701171876;1;0.9949
1652274457;0.0076;52.87;0.4168859577777778;0.91998291015625;1;0.9924
1652274472;0.0056;48.0;0.4695047666666666;0.9225006103515624;1;0.9944
1652274487;0.0068;58.47;0.4840695711111114;0.923004150390625;1;0.9932
1652274502;0.0091;58.4;0.560032388888889;0.923004150390625;1;0.9909
1652274517;0.0098;54.2;0.5672290666666665;0.923004150390625;1;0.9902
1652274532;0.0026;50.87;0.5526329266666664;0.923004150390625;1;0.9974
1652274547;0.0053;50.4;0.4653469666666662;0.923004150390625;1;0.9947
1652274562;0.0039;51.4;0.4282478155555559;0.923004150390625;1;0.9961
1652274577;0.0;51.87;0.4200531844444444;0.923004150390625;1;1.0
1652274592;0.0026;51.33;0.4500887488888888;0.9235076904296876;3;0.9974
1652274607;0.0012;54.87;0.4658423177777775;0.9235076904296876;1;0.9988
1652274622;0.0026;52.13;0.4760120755555558;0.9235076904296876;1;0.9974
1652274637;0.0013;52.27;0.486377266666666;0.9235076904296876;1;0.9987
1652274652;0.0025;53.6;0.4926728066666669;0.9235076904296876;1;0.9975
1652274667;0.0058;57.93;0.5129903622222224;0.9235076904296876;1;0.9942
1652274682;0.0012;54.93;0.5012826333333338;0.9235076904296876;1;0.9988
1652274697;0.0;54.6;0.4995229688888887;0.9235076904296876;1;1.0
1652274712;0.0012;55.47;0.489393286666666;0.9235076904296876;1;0.9988
1652274727;0.0;57.6;0.5086644044444445;0.9235076904296876;1;1.0
1652274742;0.0012;57.93;0.5147441088888879;0.9235076904296876;1;0.9988
1652274757;0.0043;62.67;0.5665275333333334;0.9235076904296876;1;0.9957
1652274772;0.0031;64.07;0.6035011399999992;0.925018310546875;1;0.9969
1652274787;0.0118999999999999;67.07;0.634842080000001;0.925018310546875;1;0.9881
1652274802;0.0121;71.47;0.6592715622222222;0.96484375;1;0.9879
1652274817;0.0274;63.27;0.6885754622222218;0.897369384765625;1;0.9726
1652274832;0.0062;64.47;0.6610820022222216;0.9079437255859376;1;0.9938
1652274847;0.0125;69.47;0.6565778644444435;0.9381561279296876;1;0.9875
1652274862;0.0124;69.8;0.6481973444444444;0.9421844482421876;1;0.9876
1652274877;0.0147;72.33;0.7023478288888896;0.940673828125;1;0.9853
1652274892;0.0065;71.47;0.6987111400000003;0.9401702880859376;1;0.9935
1652274907;0.0125;74.4;0.7174802155555564;0.9361419677734376;1;0.9875
1652274922;0.0197999999999999;81.0;0.7638687355555551;0.9361419677734376;1;0.9802
1652274937;0.002;67.53;0.7046180288888889;0.9366455078125;1;0.998
1652274952;0.0084;71.47;0.6745010177777772;0.93865966796875;1;0.9916
1652274967;0.0108;74.13;0.6260958911111111;0.96282958984375;1;0.9892
1652274982;0.0149;71.67;0.6938595200000008;0.9401702880859376;1;0.9851
1652274997;0.0185;79.33;0.7500494800000006;0.9401702880859376;1;0.9815
1652275012;0.0214;74.67;0.761295537777778;0.9401702880859376;1;0.9786
1652275027;0.0037;72.0;0.7701169177777767;0.9411773681640624;1;0.9963
1652275042;0.0019;71.47;0.7159665733333339;0.9411773681640624;2;0.9981
1652275057;0.0009;71.4;0.7167383888888897;0.9411773681640624;1;0.9991
1652275072;0.0029;69.4;0.6966638133333339;0.9411773681640624;1;0.9971
1652275087;0.0009;72.2;0.6808718088888895;0.9421844482421876;1;0.9991
1652275102;0.0038;70.87;0.6846920133333343;0.9421844482421876;1;0.9962
1652275117;0.0009;74.13;0.7159844333333327;0.94268798828125;1;0.9991
1652275132;0.0;72.27;0.7603126066666668;0.94268798828125;1;1.0
1652275147;0.0;71.53;0.773393295555555;0.94268798828125;1;1.0
1652275162;0.0;74.8;0.7409643422222238;0.9431915283203124;1;1.0
1652275177;0.0;72.53;0.7106615244444432;0.943695068359375;1;1.0
1652275192;0.0;74.0;0.7416731222222223;0.943695068359375;1;1.0
1652275207;0.0;74.2;0.7600265488888882;0.943695068359375;1;1.0
1652275222;0.0;73.6;0.7689172488888896;0.9441986083984376;1;1.0
1652275237;0.0;73.33;0.739926784444444;0.9441986083984376;1;1.0
1652275252;0.0;73.47;0.7461682000000008;0.9441986083984376;1;1.0
1652275267;0.0;73.73;0.7493388200000001;0.9447021484375;1;1.0
1652275282;0.0;77.47;0.7685958955555559;0.9447021484375;1;1.0
1652275297;0.0;73.0;0.7873089177777779;0.9447021484375;1;1.0
1652275312;0.0;74.4;0.789284020000001;0.9653472900390624;1;1.0
1652275327;0.0;77.07;0.7969885088888885;0.9653472900390624;1;1.0
1652275342;0.0;75.87;0.7710183177777757;0.9663543701171876;1;1.0
1652275357;0.0;74.2;0.8152698111111097;0.975921630859375;1;1.0
1652275372;0.0009;76.13;0.8147663688888895;0.9744110107421876;1;0.9991
1652275387;0.0356999999999999;78.33;0.8373764866666685;0.9744110107421876;1;0.9643
1652275402;0.0278;79.13;0.8283254644444469;0.9744110107421876;1;0.9722
1652275417;0.0416;78.6;0.8067800000000008;0.9744110107421876;1;0.9584
1652275432;0.0186;78.73;0.8436585422222201;0.973907470703125;1;0.9814
1652275447;0.0308999999999999;77.6;0.7994433977777766;0.973907470703125;1;0.9691
1652275462;0.0103;77.73;0.8152549022222223;0.9734039306640624;1;0.9897
1652275477;0.0346;80.87;0.7841640511111109;0.9713897705078124;1;0.9654
1652275492;0.0384;78.13;0.8351438955555548;0.9734039306640624;1;0.9616
1652275507;0.044;59.13;0.8458362688888883;0.969879150390625;1;0.956
1652275522;0.0561;64.2;0.8380908822222232;0.9693756103515624;1;0.9439
1652275537;0.0478;68.27;0.8232162422222219;0.965850830078125;1;0.9522
1652275552;0.052;59.0;0.8404633333333322;0.96282958984375;1;0.948
1652275567;0.0395999999999999;67.4;0.8266393200000013;0.963836669921875;1;0.9604
1652275582;0.0246;67.8;0.8575622066666685;0.9643402099609376;1;0.9754
1652275597;0.0349;72.67;0.8221889799999997;0.9643402099609376;1;0.9651
1652275612;0.0429;69.93;0.8903845555555537;0.9633331298828124;1;0.9571
1652275627;0.0496;69.87;0.8420771066666651;0.963836669921875;1;0.9504
1652275642;0.0476999999999999;75.4;0.863086957777778;0.9643402099609376;1;0.9523
1652275657;0.0501;67.8;0.8369781688888907;0.96484375;1;0.9499
1652275672;0.0364;73.33;0.8538120088888894;0.96484375;1;0.9636
1652275687;0.0445;79.4;0.837439600000001;0.96484375;1;0.9555
1652275702;0.0467;72.8;0.8583172933333344;0.9240570068359376;1;0.9533
1652275717;0.0416;70.47;0.8375920222222223;0.9170074462890624;1;0.9584
1652275732;0.0207;74.13;0.8449384444444452;0.9205322265625;1;0.9793
1652275747;0.03;80.0;0.811721046666662;0.923553466796875;1;0.97
1652275762;0.0375999999999999;79.8;0.8301806911111119;0.9311065673828124;1;0.9624
1652275777;0.0554;79.47;0.8684700488888867;0.935638427734375;1;0.9446
1652275792;0.0628;79.6;0.875925822222224;0.9361419677734376;1;0.9372
1652275807;0.0499;80.2;0.8893556933333305;0.9331207275390624;1;0.9501
1652275822;0.044;80.27;0.852331842222222;0.9331207275390624;1;0.956
1652275837;0.0363;79.0;0.8759227488888882;0.9331207275390624;1;0.9637
1652275852;0.0424;77.0;0.8701665888888884;0.93463134765625;1;0.9576
1652275867;0.0492;89.4;0.8533108199999989;0.9341278076171876;1;0.9508
1652275882;0.0613999999999999;73.87;0.8570272711111102;0.9351348876953124;1;0.9386
1652275897;0.0484;86.73;0.8522858911111143;0.935638427734375;1;0.9516
1652275912;0.0076;79.4;0.8536245755555582;0.9361419677734376;1;0.9924
1652275927;0.005;80.73;0.8343621822222252;0.9361419677734376;1;0.995
1652275942;0.0018;74.47;0.8424754066666638;0.935638427734375;1;0.9982
1652275957;0.0302999999999999;81.53;0.8725843844444423;0.9331207275390624;1;0.9697
1652275972;0.0356999999999999;82.13;0.84611678222222;0.9341278076171876;1;0.9643
1652275987;0.0441999999999999;79.93;0.8459332466666687;0.9341278076171876;1;0.9558
1652276002;0.0537;81.87;0.8528730600000017;0.9341278076171876;1;0.9463
1652276017;0.0258;75.07;0.8638811288888922;0.9331207275390624;1;0.9742
1652276032;0.0196;81.53;0.8495731422222231;0.9341278076171876;1;0.9804
1652276047;0.0353;79.33;0.8550520911111107;0.941680908203125;1;0.9647
1652276062;0.0689;85.2;0.8561036711111076;0.9441986083984376;1;0.9311
1652276077;0.0255;78.33;0.8662631755555543;0.9447021484375;1;0.9745
1652276092;0.022;81.87;0.8541711244444438;0.95880126953125;1;0.978
1652276107;0.0458999999999999;84.27;0.8761872911111115;0.957794189453125;1;0.9541
1652276122;0.0017;76.67;0.8625599177777783;0.9593048095703124;1;0.9983
1652276137;0.0167;79.73;0.8707946977777787;0.9593048095703124;1;0.9833
1652276152;0.0455999999999999;77.47;0.848640191111114;0.96282958984375;1;0.9544
1652276167;0.0501999999999999;81.0;0.8776259733333316;0.965850830078125;1;0.9498
1652276182;0.0266;85.13;0.8613312444444444;0.965850830078125;1;0.9734
1652276197;0.0293;81.93;0.8638916577777763;0.9190216064453124;1;0.9707
1652276212;0.0414;56.4;0.7788845155555565;0.91851806640625;1;0.9586
1652276227;0.0384;71.27;0.7622286888888892;0.9205322265625;1;0.9616
1652276242;0.0389;82.27;0.7598929511111085;0.919525146484375;1;0.9611
1652276257;0.0331;80.53;0.8074819355555569;0.919525146484375;1;0.9669
1652276272;0.024;80.47;0.8277333444444442;0.91650390625;1;0.976
1652276287;0.0008;82.33;0.8404606666666647;0.9170074462890624;1;0.9992
1652276302;0.0151;70.8;0.8670318066666671;0.9124755859375;1;0.9849
1652276317;0.0308;75.73;0.8602769977777774;0.917510986328125;1;0.9692
1652276332;0.0559;78.73;0.8424448400000023;0.9180145263671876;1;0.9441
1652276347;0.0736;82.4;0.8255476022222208;0.9190216064453124;1;0.9264
1652276362;0.0024;83.2;0.8682292622222222;0.919525146484375;1;0.9976
1652276377;0.0436;82.6;0.8575588444444444;0.918548583984375;1;0.9564
1652276392;0.0713999999999999;76.53;0.8547792466666679;0.946319580078125;1;0.9286
